{"cameraMode":{"drawMode":0,"name":"Shaded","section":"Shading Mode"},"sceneLighting":false,"audioPlay":false,"sceneViewState":{"showFog":true,"showMaterialUpdate":true,"showSkybox":true,"showFlares":true,"showImageEffects":true,"showParticleSystems":true},"in2DMode":false,"pivot":{"x":65.19774627685547,"y":18.279895782470704,"z":-38.81599807739258},"rotation":{"x":-0.3279198706150055,"y":-0.19749480485916139,"z":0.0703069344162941,"w":-0.9211521744728088},"size":11.385794639587403,"orthographic":true}