{"cameraMode":{"drawMode":0,"name":"Shaded","section":"Shading Mode"},"sceneLighting":false,"audioPlay":false,"sceneViewState":{"showFog":false,"showMaterialUpdate":false,"showSkybox":false,"showFlares":false,"showImageEffects":false,"showParticleSystems":false},"in2DMode":false,"pivot":{"x":-21.00003433227539,"y":2.8262805938720705,"z":11.777851104736329},"rotation":{"x":0.04229266941547394,"y":0.8606172204017639,"z":0.07246264070272446,"w":-0.5022932887077332},"size":86.83666229248047,"orthographic":true}