{"cameraMode":{"drawMode":0,"name":"Shaded","section":"Shading Mode"},"sceneLighting":false,"audioPlay":false,"sceneViewState":{"showFog":false,"showMaterialUpdate":false,"showSkybox":false,"showFlares":false,"showImageEffects":false,"showParticleSystems":false},"in2DMode":false,"pivot":{"x":-2.093613624572754,"y":-0.0354924201965332,"z":9.459193229675293},"rotation":{"x":0.038405027240514758,"y":0.8817563652992249,"z":0.07291052490472794,"w":-0.46445101499557497},"size":35.02716064453125,"orthographic":true}