{"cameraMode":{"drawMode":0,"name":"Shaded","section":"Shading Mode"},"sceneLighting":false,"audioPlay":false,"sceneViewState":{"showFog":true,"showMaterialUpdate":true,"showSkybox":true,"showFlares":true,"showImageEffects":true,"showParticleSystems":true},"in2DMode":false,"pivot":{"x":-18.22950553894043,"y":6.1766557693481449,"z":-38.70415496826172},"rotation":{"x":-0.116322822868824,"y":0.5229750871658325,"z":-0.07231105118989945,"w":-0.8412712216377258},"size":11.169454574584961,"orthographic":false}