{"cameraMode":{"drawMode":0,"name":"Shaded","section":"Shading Mode"},"sceneLighting":false,"audioPlay":false,"sceneViewState":{"showFog":true,"showMaterialUpdate":true,"showSkybox":true,"showFlares":true,"showImageEffects":true,"showParticleSystems":true},"in2DMode":false,"pivot":{"x":-3.49658203125,"y":7.0961689949035648,"z":8.238777160644532},"rotation":{"x":-0.00030373851768672466,"y":0.9996882081031799,"z":-0.019496189430356027,"w":-0.01559824962168932},"size":4.185889720916748,"orthographic":true}