{"cameraMode":{"drawMode":0,"name":"Shaded","section":"Shading Mode"},"sceneLighting":true,"audioPlay":false,"sceneViewState":{"showFog":true,"showMaterialUpdate":true,"showSkybox":true,"showFlares":true,"showImageEffects":true,"showParticleSystems":true},"in2DMode":false,"pivot":{"x":-11.374378204345704,"y":-73.08615112304688,"z":-97.14888000488281},"rotation":{"x":-0.05010899528861046,"y":0.9199046492576599,"z":-0.34485840797424319,"w":-0.17982566356658936},"size":255.38174438476563,"orthographic":false}