{"cameraMode":{"drawMode":0,"name":"Shaded","section":"Shading Mode"},"sceneLighting":false,"audioPlay":false,"sceneViewState":{"showFog":true,"showMaterialUpdate":true,"showSkybox":true,"showFlares":true,"showImageEffects":true,"showParticleSystems":true},"in2DMode":false,"pivot":{"x":8.199999809265137,"y":1.8580000400543213,"z":-0.7299999594688416},"rotation":{"x":-0.2988448143005371,"y":0.10508464276790619,"z":-0.033129218965768817,"w":-0.9479195475578308},"size":0.2420247197151184,"orthographic":false}