{"cameraMode":{"drawMode":0,"name":"Shaded","section":"Shading Mode"},"sceneLighting":false,"audioPlay":false,"sceneViewState":{"showFog":true,"showMaterialUpdate":true,"showSkybox":true,"showFlares":true,"showImageEffects":true,"showParticleSystems":true},"in2DMode":false,"pivot":{"x":-0.008826762437820435,"y":0.9088995456695557,"z":-0.013549372553825379},"rotation":{"x":-0.00030373851768672466,"y":0.9996882081031799,"z":-0.019496189430356027,"w":-0.01559824962168932},"size":4.16123104095459,"orthographic":true}