{"cameraMode":{"drawMode":0,"name":"Shaded","section":"Shading Mode"},"sceneLighting":false,"audioPlay":false,"sceneViewState":{"showFog":false,"showMaterialUpdate":false,"showSkybox":false,"showFlares":false,"showImageEffects":false,"showParticleSystems":false},"in2DMode":false,"pivot":{"x":6.777663230895996,"y":0.8679220676422119,"z":6.0000810623168949},"rotation":{"x":0.04229266941547394,"y":0.8606172204017639,"z":0.07246264070272446,"w":-0.5022932887077332},"size":52.530662536621097,"orthographic":true}