{"cameraMode":{"drawMode":0,"name":"Shaded","section":"Shading Mode"},"sceneLighting":false,"audioPlay":false,"sceneViewState":{"showFog":true,"showMaterialUpdate":true,"showSkybox":true,"showFlares":true,"showImageEffects":true,"showParticleSystems":true},"in2DMode":false,"pivot":{"x":-20.197372436523439,"y":4.837421417236328,"z":-36.61037063598633},"rotation":{"x":0.07859130948781967,"y":-0.7951781153678894,"z":0.10557685792446137,"w":0.591919481754303},"size":23.333398818969728,"orthographic":true}