{"cameraMode":{"drawMode":0,"name":"Shaded","section":"Shading Mode"},"sceneLighting":false,"audioPlay":false,"sceneViewState":{"showFog":false,"showMaterialUpdate":false,"showSkybox":false,"showFlares":false,"showImageEffects":false,"showParticleSystems":false},"in2DMode":false,"pivot":{"x":-14.360498428344727,"y":-1.2334785461425782,"z":-6.245433807373047},"rotation":{"x":-0.30147767066955569,"y":0.2295462042093277,"z":-0.07502619922161102,"w":-0.9223832488059998},"size":62.91654968261719,"orthographic":false}