{"cameraMode":{"drawMode":0,"name":"Shaded","section":"Shading Mode"},"sceneLighting":false,"audioPlay":false,"sceneViewState":{"showFog":true,"showMaterialUpdate":true,"showSkybox":true,"showFlares":true,"showImageEffects":true,"showParticleSystems":true},"in2DMode":false,"pivot":{"x":-0.0899810791015625,"y":0.9599609375,"z":0.005859375},"rotation":{"x":0.00010705460590543225,"y":-0.9982348680496216,"z":0.059363048523664477,"w":0.0017925177235156298},"size":2.7457356452941896,"orthographic":true}