{"cameraMode":{"drawMode":0,"name":"Shaded","section":"Shading Mode"},"sceneLighting":false,"audioPlay":false,"sceneViewState":{"showFog":true,"showMaterialUpdate":true,"showSkybox":true,"showFlares":true,"showImageEffects":true,"showParticleSystems":true},"in2DMode":false,"pivot":{"x":4.225907802581787,"y":-0.03612673282623291,"z":2.5594191551208498},"rotation":{"x":0.02935655042529106,"y":0.905161440372467,"z":-0.06337200105190277,"w":0.41929104924201968},"size":4.328855037689209,"orthographic":true}