{"cameraMode":{"drawMode":0,"name":"Shaded","section":"Shading Mode"},"sceneLighting":false,"audioPlay":false,"sceneViewState":{"showFog":true,"showMaterialUpdate":true,"showSkybox":true,"showFlares":true,"showImageEffects":true,"showParticleSystems":true},"in2DMode":false,"pivot":{"x":0.0,"y":0.8274999856948853,"z":1.6154999732971192},"rotation":{"x":-0.2988448143005371,"y":0.10508464276790619,"z":-0.033129218965768817,"w":-0.9479195475578308},"size":5.989881992340088,"orthographic":false}