{"cameraMode":{"drawMode":0,"name":"Shaded","section":"Shading Mode"},"sceneLighting":false,"audioPlay":false,"sceneViewState":{"showFog":true,"showMaterialUpdate":true,"showSkybox":true,"showFlares":true,"showImageEffects":true,"showParticleSystems":true},"in2DMode":false,"pivot":{"x":99.27973175048828,"y":19.157405853271486,"z":-20.666736602783204},"rotation":{"x":-0.20430241525173188,"y":0.5933540463447571,"z":-0.15905176103115083,"w":-0.7621641159057617},"size":6.036056041717529,"orthographic":false}