{"cameraMode":{"drawMode":0,"name":"Shaded","section":"Shading Mode"},"sceneLighting":false,"audioPlay":false,"sceneViewState":{"showFog":true,"showMaterialUpdate":true,"showSkybox":true,"showFlares":true,"showImageEffects":true,"showParticleSystems":true},"in2DMode":false,"pivot":{"x":-20.8253231048584,"y":2.6298954486846926,"z":-36.428199768066409},"rotation":{"x":-0.10582321137189865,"y":0.7210516929626465,"z":-0.11294513940811157,"w":-0.6753734350204468},"size":7.111954212188721,"orthographic":true}