{"cameraMode":{"drawMode":0,"name":"Shaded","section":"Shading Mode"},"sceneLighting":false,"audioPlay":false,"sceneViewState":{"showFog":true,"showMaterialUpdate":true,"showSkybox":true,"showFlares":true,"showImageEffects":true,"showParticleSystems":true},"in2DMode":false,"pivot":{"x":-20.6859130859375,"y":2.924072265625,"z":-36.716064453125},"rotation":{"x":-0.05355020612478256,"y":0.6592754125595093,"z":-0.047133877873420718,"w":-0.7485097050666809},"size":3.2905871868133547,"orthographic":true}