{"cameraMode":{"drawMode":0,"name":"Shaded","section":"Shading Mode"},"sceneLighting":false,"audioPlay":false,"sceneViewState":{"showFog":true,"showMaterialUpdate":true,"showSkybox":true,"showFlares":true,"showImageEffects":true,"showParticleSystems":true},"in2DMode":false,"pivot":{"x":0.1012130081653595,"y":0.18459773063659669,"z":-0.7832039594650269},"rotation":{"x":0.02473418414592743,"y":-0.9430059790611267,"z":0.32395046949386599,"w":0.07200046628713608},"size":3.7254650592803957,"orthographic":false}