{"cameraMode":{"drawMode":0,"name":"Shaded","section":"Shading Mode"},"sceneLighting":false,"audioPlay":false,"sceneViewState":{"showFog":true,"showMaterialUpdate":true,"showSkybox":true,"showFlares":true,"showImageEffects":true,"showParticleSystems":true},"in2DMode":false,"pivot":{"x":4.225912094116211,"y":-0.4436459243297577,"z":4.888707160949707},"rotation":{"x":-0.06699488312005997,"y":0.6437034010887146,"z":-0.05672662705183029,"w":-0.7602235674858093},"size":4.377537250518799,"orthographic":true}