{"cameraMode":{"drawMode":2,"name":"Shaded Wireframe","section":"Shading Mode"},"sceneLighting":false,"audioPlay":false,"sceneViewState":{"showFog":true,"showMaterialUpdate":true,"showSkybox":true,"showFlares":true,"showImageEffects":true,"showParticleSystems":true},"in2DMode":false,"pivot":{"x":-0.08220964670181275,"y":0.00313568115234375,"z":0.43596816062927248},"rotation":{"x":-0.1275569051504135,"y":0.8715983629226685,"z":-0.3546124994754791,"w":-0.313521146774292},"size":1.9541962146759034,"orthographic":false}