{"cameraMode":{"drawMode":0,"name":"Shaded","section":"Shading Mode"},"sceneLighting":false,"audioPlay":false,"sceneViewState":{"showFog":true,"showMaterialUpdate":true,"showSkybox":true,"showFlares":true,"showImageEffects":true,"showParticleSystems":true},"in2DMode":false,"pivot":{"x":0.0050048828125,"y":1.9667224884033204,"z":-1.4749984741210938},"rotation":{"x":0.08594049513339997,"y":-0.8985417485237122,"z":0.20366790890693665,"w":0.37915223836898806},"size":9.911965370178223,"orthographic":false}