{"cameraMode":{"drawMode":0,"name":"Shaded","section":"Shading Mode"},"sceneLighting":false,"audioPlay":false,"sceneViewState":{"showFog":true,"showMaterialUpdate":true,"showSkybox":true,"showFlares":true,"showImageEffects":true,"showParticleSystems":true},"in2DMode":false,"pivot":{"x":99.43968963623047,"y":17.965694427490236,"z":-20.332660675048829},"rotation":{"x":-0.3892664611339569,"y":0.11012681573629379,"z":-0.04693754017353058,"w":-0.9133129715919495},"size":3.3076236248016359,"orthographic":false}