{"cameraMode":{"drawMode":0,"name":"Shaded","section":"Shading Mode"},"sceneLighting":false,"audioPlay":false,"sceneViewState":{"showFog":true,"showMaterialUpdate":true,"showSkybox":true,"showFlares":true,"showImageEffects":true,"showParticleSystems":true},"in2DMode":false,"pivot":{"x":69.20823669433594,"y":12.809608459472657,"z":-72.85152435302735},"rotation":{"x":0.18478240072727204,"y":0.8148232102394104,"z":-0.3832653760910034,"w":0.39373379945755007},"size":34.24335861206055,"orthographic":true}